회사,종목코드,구분,url,성명,성별,출생년월,직위,등기임원여부,상근여부,담당업무,주요경력,학교,학과,교수,소유주식수(의결권O),소유주식수(의결권X),최대주주와의 관계,재직기간,임기만료일
대웅제약,069620,분기,https://dart.fss.or.kr/dsaf001/main.do?rcpNo=20251114001339,박승영,남,1978년 07월,본부장,미등기,상근,ETC로컬본부장,대구대학교 화학㈜대웅제약 서울1사업부장現) ㈜대웅제약 ETC로컬본부 본부장,해당없음,해당없음,해당없음,,,계열회사 임원,2007.12~現,
우전,052270,분기,https://dart.fss.or.kr/dsaf001/main.do?rcpNo=20251114000830,한재웅,남,1977.05,전무이사,사내이사,상근,영업총괄,대련우전 법인장,해당없음,해당없음,해당없음,"100,000",,특수관계,24년,2028.03.30
카카오페이,377300,분기,https://dart.fss.or.kr/dsaf001/main.do?rcpNo=20251113000674,이성호,남,1980.01,미등기임원,미등기,상근,재무 담당,"2022.02~현재 카카오페이 재무 총괄, 2018.12~2022.02 카카오 재무 총괄, 2011.07~2016.08 KDB산업은행",해당없음,해당없음,해당없음,,,,3년 7개월,
대웅제약,069620,분기,https://dart.fss.or.kr/dsaf001/main.do?rcpNo=20251114001339,윤재승,남,1962년 11월,CVO,미등기,비상근,CVO,"서울대 공법학 졸업, 서울지검 검사, ㈜대웅제약, ㈜대웅 대표이사",서울대,공법학,해당없음,"9,708",-,임원 및계열회사 임원,2022.1~現,-
대웅제약,069620,분기,https://dart.fss.or.kr/dsaf001/main.do?rcpNo=20251114001339,이창재,남,1977년 06월,대표이사(의장),사내이사,상근,"CEO, 동아대학교 중문학, 대웅제약 ETC본부 소장, 대웅제약 마케팅본부 본부장, 대웅 사내이사, 대웅제약 부사장, 대웅제약 대표이사",,해당없음,해당없음,해당없음,532,-,계열회사 임원,2002.12~現,2027.03.28
대웅제약,069620,분기,https://dart.fss.or.kr/dsaf001/main.do?rcpNo=20251114001339,박은경,여,1983년 08월,본부장,사내이사,상근,CH마케팅본부장,국민대학교 정치외교학과㈜대웅제약 PM1팀 팀장㈜대웅제약 소화기사업팀 팀장㈜대웅제약 마케팅2사업부 사업부장㈜대웅제약 ETC 마케팅본부 본부장現)㈜대웅제약 CH마케팅본부 본부장,해당없음,해당없음,해당없음,,,계열회사 임원,2010.1~現,2027.03.28
우전,052270,분기,https://dart.fss.or.kr/dsaf001/main.do?rcpNo=20251114000830,이종우,남,1961.04,대표이사,사내이사,상근,대표이사,(주)선경(주)우전 대표이사,해당없음,해당없음,해당없음,"1,053,109",-,특수관계,37년,2028.03.30
카카오페이,377300,분기,https://dart.fss.or.kr/dsaf001/main.do?rcpNo=20251113000674,진형구,남,1979.09,미등기임원,미등기,상근,컴플라이언스 담당,"2020.07~현재 카카오페이 컴플라이언스 총괄, 2017.01~2020.07 국민은행 팀장 (Global AML&Sanction Team), 2013.03~2017.01 금융위원회 사무관",해당없음,해당없음,해당없음,"2,600",-,-,5년 2개월,
삼성전자,005930,분기,https://dart.fss.or.kr/dsaf001/main.do?rcpNo=20251114002447,노태문,남,1968.09,사장,사내이사,상근,"DX부문장 직무대행, MX사업부장","포항공대 전자전기공학 박사, 삼성전자 DX부문장 직무대행겸 MX사업부장, 품질혁신위원장",해당없음,해당없음,해당없음,"50,679",-,계열회사 임원,43개월,2028.03.15
우전,052270,분기,https://dart.fss.or.kr/dsaf001/main.do?rcpNo=20251114000830,이원석,남,1987.12,상무이사,사내이사,상근,영업총괄,우전비나 법인장,해당없음,해당없음,해당없음,"2,000,000",-,특수관계,3년,2028.03.30
한미반도체,042700,분기,https://dart.fss.or.kr/dsaf001/main.do?rcpNo=20251114003005,김정영,남,1971년 11월,부사장,사내이사,상근,"재경본부장, CFO","(전) 미래에셋증권, (전) 맥쿼리증권, (전) CLSA증권, (전) 현대차증권, (전) BNP파리바 부문장, (현) 한미반도체 부사장",해당없음,해당없음,해당없음,,,,4년 12개월,2028년 09월 17일
삼성전자,005930,분기,https://dart.fss.or.kr/dsaf001/main.do?rcpNo=20251114002447,조혜경,여,1964.07,이사,사외이사,비상근,"감사위원회 위원, 지속가능경영 위원회 위원","서울대 로봇공학 박사, 한성대 AI응용학과 교수",한성대,AI응용학과,교수,500,-,계열회사 임원,19개월,2027.03.19
대웅제약,069620,분기,https://dart.fss.or.kr/dsaf001/main.do?rcpNo=20251114001339,박형철,남,1972년 10월,본부장,미등기,상근,ETC마케팅본부장,강원대학교 제어계측공학㈜대웅제약 ETC로컬본부 본부장現)㈜대웅제약 ETC마케팅본부 본부장,해당없음,해당없음,해당없음,,,계열회사 임원,2001.3~現,
삼성전자,005930,분기,https://dart.fss.or.kr/dsaf001/main.do?rcpNo=20251114002447,김준성,남,1967.10,이사,사외이사,비상근,"사외이사 후보추천 위원회 위원, 내부거래위원회 위원, 보상위원회 위원, 지속가능경영 위원회 위원장","Carnegie Mellon대 경제학/산업공학 학사, 싱가포르 투자청 토탈리턴그룹 이사",해당없음,해당없음,해당없음,,,계열회사 임원,43개월,2028.03.15
대웅제약,069620,분기,https://dart.fss.or.kr/dsaf001/main.do?rcpNo=20251114001339,조영민,남,1970년 10월,사외이사,사외이사,비상근,자문,"서울대학교대학원 내과학 박사, 서울대학교병원 내과 임상조교수, 캐나다 브리티쉬컬럼비아대학 방문교수, 現)서울대학교 의과대학 내과 교수",서울대학교,의과대학,교수,,,계열회사 임원,2024.3~現,2027.03.28
카카오페이,377300,분기,https://dart.fss.or.kr/dsaf001/main.do?rcpNo=20251113000674,신원근,남,1977.03,대표이사,사내이사,상근,"경영총괄, ESG위원회위원","2022.03~현재 카카오페이 대표이사, 2020.01~2022.03 카카오페이 성장지원실 실장, 2019.09~2020.01 카카오페이 CEO직속실 실장, 2018.02~2019.09 카카오페이 전략 총괄, 2010.08~2018.02 Bain & Company, Principal",해당없음,해당없음,해당없음,"50,000",,,3년 6개월,2026년 03월 25일
대웅제약,069620,분기,https://dart.fss.or.kr/dsaf001/main.do?rcpNo=20251114001339,박성수,남,1976년 02월,대표이사,사내이사,상근,CEO,"서울대학교 약학, 서울대학교 대학원 약학 석사, ㈜대웅제약 미국지사 법인장, ㈜대웅제약 나보타사업본부장, ㈜대웅제약 부사장, 現)㈜대웅제약 대표이사",해당없음,해당없음,해당없음,,,,1999.12~現,2026.03.29
한미반도체,042700,분기,https://dart.fss.or.kr/dsaf001/main.do?rcpNo=20251114003005,신영태,남,1951년 12월,감사,감사,상근,감사,"한성대 대학원 경영학 박사(전), 금융감독원 비은행검사국(국장검사역)(전), KB자산운용 상근감사위원(전), 연세대 경제대학원(야간) 겸임교수",한성대,경영학,겸임교수,,,,10년 7개월,2027년 03월 22일
삼성전자,005930,분기,https://dart.fss.or.kr/dsaf001/main.do?rcpNo=20251114002447,유명희,여,1967.06,이사,사외이사,비상근,"감사위원회 위원, 사외이사 후보추천 위원회 위원, 지속가능경영 위원회 위원","Vanderbilt대 법학 박사, 산업통상자원부 통상교섭본부 본부장",해당없음,해당없음,해당없음,,,계열회사 임원,35개월,2028.03.18
대웅제약,069620,분기,https://dart.fss.or.kr/dsaf001/main.do?rcpNo=20251114001339,권순용,남,1960년 03월,사외이사,사외이사,비상근,자문,"가톨릭대학교 의학대학원 박사, 美 캘리포니아 UCSD 및 미조리 세인트루이스 워싱턴대학교 (WASH U) Visiting Scholar, 여의도성모병원 정형외과 임상과장, 가톨릭대학교 정형외과 주임교수, 가톨릭대학교 여의도성모병원 의무원장, 가톨릭대학교 성바오로병원 제11대 병원장, 가톨릭대학교 은평성모병원 초대 병원장, 現 가톨릭대학교 서울성모병원 정형외과 교수",가톨릭대학교,정형외과,교수,,,,2025.03~現,2028.03.26
카카오,035720,분기,https://dart.fss.or.kr/dsaf001/main.do?rcpNo=20251114002572,신종환,남,1970.02,사내이사,사내이사,상근,"CFO, CA협의체 재무총괄","서강대학교 경영학 학사, Indiana Univ. Kelly school (MBA), 삼정회계법인, 한영회계법인, CJ제일제당(주), CJ(주), (現) (주)카카오 CFO, (現) CA협의체 재무총괄",해당없음,해당없음,해당없음,"3,360",-,발행회사임원,2024.05. ~ 현재,2027.03.26
한미반도체,042700,분기,https://dart.fss.or.kr/dsaf001/main.do?rcpNo=20251114003005,이가근,남,1978년 01월,사외이사,사외이사,비상근,IT산업분석팀장(현),"고려대 경영학 석사, SK하이닉스 영업본부(전), 신영증권 리서치센터 연구원(전), IBK투자증권 반도체 애널리스트(전), 하나대투증권 반도체 애널리스트(전), 모간스탠리 증권 반도체 애널리스트(전), KB투자증권 반도체 애널리스트",해당없음,해당없음,해당없음,,,,2년 7개월,2027년 03월 21일
대웅제약,069620,분기,https://dart.fss.or.kr/dsaf001/main.do?rcpNo=20251114001339,윤준수,남,1976년 05월,본부장,미등기,상근,나보타사업본부장,고려대학교대학원 생화학 박사큐로셀 사업담당 상무녹십자 경영관리 부장現)㈜대웅제약 나보타사업본부 본부장,해당없음,해당없음,해당없음,,,,2024.05~現,
대웅제약,069620,분기,https://dart.fss.or.kr/dsaf001/main.do?rcpNo=20251114001339,백인현,남,1967년 09월,본부장,미등기,상근,인니사업본부장,오클라호마시티대학교 MBA종근당 글로벌사업 법인장경북바이오산업연구원 센터장現) ㈜대웅제약 인니사업본부 본부장,해당없음,해당없음,해당없음,,,계열회사 임원,2024.07~現,
삼성전자,005930,분기,https://dart.fss.or.kr/dsaf001/main.do?rcpNo=20251114002447,전영현,남,1960.12,부회장,사내이사,상근,대표이사(DS부문 경영전반 총괄),"KAIST 전자공학 박사, 삼성전자 DS부문장겸 메모리사업부장, SAIT원장",해당없음,해당없음,해당없음,"17,000",-,계열회사 임원,7개월,2028.03.18
카카오페이,377300,분기,https://dart.fss.or.kr/dsaf001/main.do?rcpNo=20251113000674,강율리,여,1972.02,사외이사,사외이사,비상근,"경영자문, 감사위원회위원, 내부거래위원회위원, 보상위원회위원, ESG위원회위원","2021~현재 SK아이이테크놀로지(SKIET) 사외이사, 2020~현재 국민연금 대체투자위원회 위원, 2004~현재 법무법인(유) 지평 파트너변호사, 2020~2023.04 금융감독원 금융감독자문위원회 위원",해당없음,해당없음,해당없음,,,,4년 3개월,2026년 03월 25일
우전,052270,분기,https://dart.fss.or.kr/dsaf001/main.do?rcpNo=20251114000830,이태윤,남,1982.06,기타비상무이사,,비상근,크레신(주) 대표,,해당없음,해당없음,해당없음,,,특수관계,,2027.03.29
대웅제약,069620,분기,https://dart.fss.or.kr/dsaf001/main.do?rcpNo=20251114001339,이승하,남,1978년 10월,본부장,미등기,상근,생산본부장,"영남대학교 약학한미약품 제제기술팀장, 한국얀센 제제팀 제조관리자, 現)㈜대웅제약 생산본부 본부장",해당없음,해당없음,해당없음,,,,2016.7~現,
카카오페이,377300,분기,https://dart.fss.or.kr/dsaf001/main.do?rcpNo=20251113000674,유태욱,남,1975.06,기타비상무이사,기타비상무이사,비상근,"카카오 CA협의체 책임경영기획팀장, 카카오 CA협의체 사업관리팀장, 카카오 성장지원실장, Krust Universe 부사장, 카카오 전략 및 계열사 지원 담당, 라인플레이 사업 실장, 제이오에이치 이사, 네이버 CMD지원팀장, Accenture, 삼성SDS",,해당없음,해당없음,해당없음,,,,1년 6개월,2026년 03월 25일
삼성전자,005930,분기,https://dart.fss.or.kr/dsaf001/main.do?rcpNo=20251114002447,허은녕,남,1964.08,이사,사외이사,비상근,"사외이사 후보추천 위원회 위원, 내부거래위원회 위원장, 보상위원회 위원, 지속가능경영 위원회 위원","Pennsylvania State대 자원경제학 박사, 서울대 공과대학 교수",서울대,공과대학,교수,,,계열회사 임원,35개월,2028.03.18
삼성전자,005930,분기,https://dart.fss.or.kr/dsaf001/main.do?rcpNo=20251114002447,신제윤,남,1958.03,이사,사외이사,비상근,"이사회 의장, 감사위원회 위원장, 사외이사 후보추천 위원회 위원장, 보상위원회 위원장, 지속가능경영 위원","서울대 경제학 학사, 금융위원회 위원장",해당없음,해당없음,해당없음,,,계열회사 임원,19개월,2027.03.28
카카오,035720,분기,https://dart.fss.or.kr/dsaf001/main.do?rcpNo=20251114002572,정신아,여,1975.02,대표이사,사내이사,상근,"대표이사, 이사후보추천위원회 위원","연세대학교 불어불문학과/경영학과 학사, 연세대학교 대학원 경영학과 마케팅 석사, 미시간 대학교 로스 경영대학원 MBA, 보스턴컨설팅그룹 컨설턴트, 네이버(주)(구, 엔에이치엔(주)) 수석부장, (주)카카오벤처스 대표이사, (現) CA협의체 의장, (現) (주)카카오 대표이사",해당없음,해당없음,해당없음,"9,125",,,2023.03. ~ 현재,2026.03.28
우전,052270,분기,https://dart.fss.or.kr/dsaf001/main.do?rcpNo=20251114000830,김동권,남,1952.09,감사,감사,비상근,감사,,해당없음,해당없음,해당없음,,,특수관계,7년,2028.03.30
카카오,035720,분기,https://dart.fss.or.kr/dsaf001/main.do?rcpNo=20251114002572,차경진,여,1983.09,사외이사,사외이사,비상근,"이사후보추천위원회 위원장, 감사위원회 위원","태즈메니아주립대학교 정보시스템 학사, 호주국립대학교 경영정보시스템 박사, (現) 한양대학교 경영대학 경영정보시스템 전공교수, 비즈니스인포메틱스학과 교수, (現) 한국경영정보학회 상임이사, (現) 서울특별시 산학연협력사업심의위원회 심의위원, (現) 경찰청 데이터기반 행정 자문위원, (現) 재단법인 한호재단 이사, (現) 행정안전부 디지털정부 정책자문위원, (現) (주)신세계아이앤씨 사외이사, (現) 해군발전자문위원회 자문위원",한양대학교,경영정보시스템,교수,,,,2024.03. ~ 현재,2026.03.28
대웅제약,069620,분기,https://dart.fss.or.kr/dsaf001/main.do?rcpNo=20251114001339,이건행,남,1961년 04월,감사,감사,비상근,자문,서울대학교 대학원 법학법무법인(유)에이펙스 대표現)㈜대웅제약 상근감사,해당없음,해당없음,해당없음,"1,557",-,계열회사 임원,2021.3~現,2027.03.28
카카오,035720,분기,https://dart.fss.or.kr/dsaf001/main.do?rcpNo=20251114002572,박새롬,여,1990.02,사외이사,사외이사,비상근,"ESG위원회 위원, 보상위원회 위원","서울대학교 공과대학 산업공학과 학사, 서울대학교 공과대학 산업공학과 공학박사, 서울대학교 수학기반산업데이터해석 연구센터 연구원, 성신여자대학교 융합보안공학과 조교수, (現) 울산과학기술원 (UNIST) 산업공학과 조교수, (現) 과학기술정보통신부 데이터분쟁조정위원회 조정위원, (現) 제7기 대통령소속 국가지식재산위원회 민간위원",서울대학교,공과대학 산업공학과,조교수,,,,2020.03. ~ 현재,2026.03.26
카카오페이,377300,분기,https://dart.fss.or.kr/dsaf001/main.do?rcpNo=20251113000674,김재환,남,1967.01,사외이사,사외이사,비상근,"경영자문, 내부거래위원회위원, 사외이사후보추천위원회위원, 보상위원회위원","2023.03~현재 LG생활건강 사외이사, 2021.07~현재 (재)이앤한사회과학도서관 이사, 2013.09~현재 고려대학교 경영대학 마케팅 교수, 2007.09~2013.08 고려대학교 경영대학 마케팅 부교수, 2004.09~2007.08 고려대학교 경영대학 마케팅 조교수",고려대학교,경영대학,교수,,,,4년 3개월,2026년 03월 25일
카카오,035720,분기,https://dart.fss.or.kr/dsaf001/main.do?rcpNo=20251114002572,조석영,남,1971.03,사내이사,사내이사,상근,"CA협의체 책임경영위원회 준법지원팀장, ESG위원회 위원","서울대학교 경영학과 학사, 노스웨스턴대학교 법과대학 법학석사, 서울대학교 법과대학 법학전문대학원 전문박사(지식재산권) 수료, 서울동부지방검찰청 부장검사, 서울중앙지방검찰청 부장검사, (주)카카오 ERM실 실장, (주)카카오 공동체준법경영실장, (現) CA협의체 책임경영위원회 준법지원팀장",해당없음,해당없음,해당없음,460,,,2021.07. ~ 현재,2026.03.28
삼성전자,005930,분기,https://dart.fss.or.kr/dsaf001/main.do?rcpNo=20251114002447,송재혁,남,1967.08,사장,사내이사,상근,DS부문 CTO,"서울대 전자공학 박사, 삼성전자 DS부문 CTO겸 반도체연구소장",해당없음,해당없음,해당없음,"13,373",-,계열회사 임원,7개월,2028.03.18
삼성전자,005930,분기,https://dart.fss.or.kr/dsaf001/main.do?rcpNo=20251114002447,이혁재,남,1965.02,이사,사외이사,비상근,"내부거래위원회 위원, 지속가능경영 위원회 위원","Perdue대 전자컴퓨터공학 박사, 서울대 전기정보공학부 교수",서울대,전기정보공학부,교수,200,-,계열회사 임원,7개월,2028.03.18
카카오페이,377300,분기,https://dart.fss.or.kr/dsaf001/main.do?rcpNo=20251113000674,배영,남,1968.05,사외이사,사외이사,비상근,"경영자문, 감사위원회위원, 사외이사후보추천위원회위원, 보상위원회위원, ESG위원회위원","2024.02~현재 국민권익위원회 자문위원, 2019.09~현재 포항공과대학교 교수, 2023.12~2024.12 한국사회학회 부회장, 2019.12~2021.12 한국정보사회학회 회장, 2004.03~2019.08 숭실대학교 교수",포항공과대학교,해당없음,교수,,,,4년 3개월,2026년 03월 25일
카카오페이,377300,분기,https://dart.fss.or.kr/dsaf001/main.do?rcpNo=20251113000674,권태우,남,1966.12,사외이사,사외이사,비상근,"경영자문, 감사위원회위원, 내부거래위원회위원, 사외이사후보추천위원회위원","2023.07~현재 예금보험공사 경영위험심의위원회 위원, 2021.03~현재 예스24 사외이사, 2013.04~현재 성현회계법인 전무, 2001.01~2013.03 삼일회계법인 상무, 1995.08~2000.12 금융감독원 감리, 공시, 증권사 및 자산운용 감독, 1992.07~1995.07 안진회계법인, 1988.10~1989.03 세화회계법인, <학력사항>고려대학교 경영대",해당없음,해당없음,해당없음,,,,4년 3개월,2026년 03월 25일
대웅제약,069620,분기,https://dart.fss.or.kr/dsaf001/main.do?rcpNo=20251114001339,유창득,남,1977년 06월,본부장,미등기,상근,ETC 병원본부장,경기대학교 무역학㈜대웅제약 서울2사업부장現)ETC병원본부 본부장,해당없음,해당없음,해당없음,,,계열회사 임원,2003.12~現,
한미반도체,042700,분기,https://dart.fss.or.kr/dsaf001/main.do?rcpNo=20251114003005,곽동신,남,1974년 12월,대표이사회장,사내이사,상근,경영총괄,(현) 한미반도체 대표이사 회장(겸) 곽신홀딩스 대표이사 회장(겸) 한국경제인협회 한미재계회의 위원(겸) 한국경제인협회 남북경제교류특별위원회 위원,해당없음,해당없음,해당없음,"31,896,758",-,본인,27년 7개월,2028년 03월 21일
카카오페이,377300,분기,https://dart.fss.or.kr/dsaf001/main.do?rcpNo=20251113000674,한순욱,남,1974.08,운영 담당,미등기,상근,"운영 총괄, 성장지원실장, 경영기획팀장, GO FP&A담당, 제조/유통/소비재 산업부문 이사","2022.10~현재 카카오페이 운영 총괄, 2022.03~2022.10 카카오페이 성장지원실장, 2017.08~2022.03 카카오페이 경영기획팀장, 2016.03~2017.08 쿠팡 주식회사 GO FP&A담당, 2011.03~2016.03 Accenture 제조/유통/소비재 산업부문 이사",해당없음,해당없음,해당없음,,,,8년 1개월,
카카오,035720,분기,https://dart.fss.or.kr/dsaf001/main.do?rcpNo=20251114002572,김선욱,남,1970.02,사외이사,사외이사,비상근,"보상위원회 위원장, 감사위원회 위원","한양대학교 법학과 학사, 한양대학교대학원 법학과 석사(상법), 서울대학교 의과대학원 석사(의료정보학) 및 동 대학원 박사과정 수료, (現) 법무법인 세승 대표변호사, (現) 서울중앙지방법원 조정위원, (現) 보건복지부 적극행정 지원위원회 위원, (現) 사행산업통합감독위원회 분과위원회 위원",해당없음,해당없음,해당없음,,,,2025.03. ~ 현재,2027.03.26
대웅제약,069620,분기,https://dart.fss.or.kr/dsaf001/main.do?rcpNo=20251114001339,홍승서,남,1957년 09월,본부장,미등기,상근,BS사업본부장,"서울대학교대학원 식품공학 박사, 삼양제넥스 생명공학연구소 부소장, 셀트리온 미국법인장, 연구부문 사장, 셀트리온헬스케어 대표이사, 로피바이오 대표이사, 센트릭스바이오 부회장, 現 ㈜대웅제약 BS사업본부 본부장",해당없음,해당없음,해당없음,,,,2025.06~現,
카카오페이,377300,분기,https://dart.fss.or.kr/dsaf001/main.do?rcpNo=20251113000674,백승준,남,1975.09,미등기임원,미등기,상근,사업 담당,"2022.02~현재 카카오페이 사업 총괄, 2017.06~2022.10 카카오페이 금융제휴실장, 2007.11~2017.06 현대카드 온라인가맹점업무 총괄, 2004.02~2007.10 삼성전자(주) LDC 총괄 전략구매팀",해당없음,해당없음,해당없음,"7,627",-,-,8년 3개월,-
카카오,035720,분기,https://dart.fss.or.kr/dsaf001/main.do?rcpNo=20251114002572,최세정,여,1971.07,사외이사,사외이사,비상근,"ESG위원회 위원장, 보상위원회 위원","이화여자대학교 신문방송학 학사, 미시건 주립대학교 광고학 석사, 미시건 주립대학교 매스미디어(광고) 박사, 텍사스-오스틴 대학교 광고학과 조교수, 부교수, JTBC 미디어컴(주) 사외이사, 한국미디어경영학회 회장, 한국광고홍보학보 편집위원장, 방송통신위원회 방송시장경쟁상황평가위원회 위원, 방송통신위원회 방송광고균형발전위원회 위원, 한국광고학회 회장, (現) 고려대학교 미디어학부 교수, (現) 방송통신위원회 자체평가위원회 위원, (現) (주)에이치에스애드 사외이사, (現) 한국방송광고진흥공사 공익광고협의회 위원, (現) 한국제약바이오협회 광고심의위원회 위원, (現) 전자문서·전자거래분쟁조정위원회 위원",고려대학교,미디어학부,교수,,,,2020.03. ~ 현재,2026.03.26
카카오,035720,분기,https://dart.fss.or.kr/dsaf001/main.do?rcpNo=20251114002572,함춘승,남,1964.01,사외이사,사외이사,비상근,"이사회 의장, 감사위원회 위원장, 이사후보추천위원회 위원","예일대학교 경제정치학 학사, 씨티은행 뉴욕, 슈로더증권 런던, LG증권 런던/홍콩 현지법인 이사, 아이엔지 베어링증권(주) 전무, 씨티그룹글로벌마켓증권(주) 대표이사 사장, (現) 피에이치앤컴퍼니 사장, (現) (주)루트로닉 CRO",해당없음,해당없음,해당없음,,,,2024.03. ~ 현재,2026.03.28
HD현대,267250,분기,https://dart.fss.or.kr/dsaf001/main.do?rcpNo=20251114002262,김성배,남,1971.07,이사(CISO),미등기,상근,CISO,"청주대, 2023~현재 : HD현대 CISO 이사, 1998~2022 : 대검찰청 검찰주사",해당없음,해당없음,해당없음,,,,1년 10개월,
카카오페이,377300,분기,https://dart.fss.or.kr/dsaf001/main.do?rcpNo=20251113000674,양재희,여,1979.06,미등기임원,미등기,상근,경영지원 담당,"2023.01~현재 카카오페이 경영지원 총괄, 2022.06~2023.01 카카오페이 경영지원실 실장, 2001.12~2022.06 카카오",해당없음,해당없음,해당없음,,,,3년 3개월,
HD현대,267250,분기,https://dart.fss.or.kr/dsaf001/main.do?rcpNo=20251114002262,남궁훈,남,1975.12,전무,미등기,상근,재무지원부문장,"서강대, 2024~현재 : HD현대 재무지원부문장 전무, 2023~2024 : HD한국조선해양 HR부문장 전무, 2019~2023 : HD한국조선해양 총무담당 상무",해당없음,해당없음,해당없음,,,계열회사 임원,10개월,
HD현대,267250,분기,https://dart.fss.or.kr/dsaf001/main.do?rcpNo=20251114002262,류희진,남,1973.09,상무,미등기,상근,"CSO, HD현대 CSO 상무, HD한국조선해양 CSO 및 HSE전략팀 담당 상무, HD현대중공업 ESG추진부 담당 상무, HD현대중공업 ESG전략팀, 환경경영팀, 소각설비운영팀, 자원재활용팀 담당 상무, HD현대중공업 안전경영실 안전환경 담당 상무, HD현대중공업 조선안전담당 상무보",,해당없음,해당없음,해당없음,,,계열회사 임원,2년 10개월,
HD현대,267250,분기,https://dart.fss.or.kr/dsaf001/main.do?rcpNo=20251114002262,이승기,남,1982.04,상무,미등기,상근,경영기획2부문장,"연세대(석), 2024~현재 : HD현대 경영기획2부문장 상무, 2023~2024 : 대통령실 외교비서관실 행정관, 2019~2023 : 외교부 북미국 서기관, 2014~2019 : 법무법인 태평양 변호사",해당없음,해당없음,해당없음,,,계열회사 임원,10개월,
카카오페이,377300,분기,https://dart.fss.or.kr/dsaf001/main.do?rcpNo=20251113000674,박정호,남,1978.09,미등기임원,미등기,상근,서비스 담당,"2023.05~현재 카카오페이 서비스 총괄, 2019.02~2023.05 주식회사 에누마코리아, 2016.01~2019.02 카카오, 2010.08~2015.12 Bain & Company, 2007.02~2010.08 (주)KT, 2006.06~2007.02 올리버와이만(유한), 2003.04~2006.05 주식회사메타넷글로벌, 2003.01~2003.03 (주)퓨처그룹",해당없음,해당없음,해당없음,,,,2년 4개월,
카카오페이,377300,분기,https://dart.fss.or.kr/dsaf001/main.do?rcpNo=20251113000674,오승준,남,1974.09,미등기임원,미등기,상근,결제 담당,"2024.05~현재 카카오페이 결제 총괄, 2023.01~2024.05 카카오페이 Payment Group 그룹장, 2022.02~2023.01 카카오페이 Payment Clan 클랜장, 2017.04~2022.02 카카오페이 온라인사업파티 파티장, 2011~2017 카카오",해당없음,해당없음,해당없음,,,,8년 5개월,
HD현대,267250,분기,https://dart.fss.or.kr/dsaf001/main.do?rcpNo=20251114002262,이지수,여,1964.01,이사,사외이사,비상근,"사외이사 감사위원회 위원, 사외이사후보추천위원회 위원, 내부거래위원회 위원, ESG위원회 위원, 보상위원회 위원","보스턴대(석), 김앤장 법률사무소 변호사, 기획재정부 국세예규 심사위원",해당없음,해당없음,해당없음,,,,3년 6개월,2028.03.27
HD현대,267250,분기,https://dart.fss.or.kr/dsaf001/main.do?rcpNo=20251114002262,문경숙,여,1971.04,상무,미등기,상근,HR지원담당,"카네기멜론대(석), 2022~현재 : HD현대 HR지원담당 상무, 2023~현재 : HD한국조선해양 HR밸류팀, L&D팀 담당 상무, 2022~2023 : HD한국조선해양 HR밸류팀, HR기획팀 담당 상무, 2021~2022 : HD현대사이트솔루션 HRD팀 담당 상무, 2016~2022 : HD현대인프라코어 HRD 담당 상무",해당없음,해당없음,해당없음,,,,2년 10개월,
카카오페이,377300,분기,https://dart.fss.or.kr/dsaf001/main.do?rcpNo=20251113000674,손경희,여,1983.03,미등기임원,미등기,상근,Channel Growth 담당,"2025.06~현재 카카오페이 Channel Growth 총괄, 2025.02~2025.06 카카오페이 Channel Growth Group 그룹장, 2024.07~2025.02 카카오페이 Channel Clan 클랜장, 2022.06~2023.01 케이제이엠테크주식회사, 2021.09~2022.06 크러스트유니버스피티이엘티디(영업소), 2013.11~2021.08 카카오, 2013.03~2013.10 캠프모바일주식회사, 2011.01~2013.02 네이버 주식회사, 2006.08~2010.12 (주)폴라리스오피스",해당없음,해당없음,해당없음,,,,2년 1개월,
HD현대,267250,분기,https://dart.fss.or.kr/dsaf001/main.do?rcpNo=20251114002262,송명준,남,1969.03,사장,미등기,상근,재무지원실장,"연세대, 2024~현재 : HD현대 재무지원실장 사장, HD현대오일뱅크 대표이사 사장, 2024~2025 : HD한국조선해양 재무지원실장 사장, 2021~2024 : HD현대 재무지원실장 부사장, 2021~2024: HD한국조선해양 경영지원실장 부사장, 2020~2021 : HD현대오일뱅크 경영지원본부장 부사장, 2019~2020 : HD현대오일뱅크 기획/재무실장 전무, 2015~2021 : HD현대 재무지원부문장",해당없음,해당없음,해당없음,"2,745",-,계열회사 임원,-,-
HD현대,267250,분기,https://dart.fss.or.kr/dsaf001/main.do?rcpNo=20251114002262,장혁진,남,1972.01,전무,미등기,상근,HR지원부문장,"중앙대, 2023~현재 : HD현대 HR지원부문장 전무, 2023~현재 : HD현대중공업 HR부문장 전무, 2021~2023 : HD현대 HR지원부문장 상무, 2021~2023 : HD현대중공업 HR부문장 상무, 2020~2021 : HD현대로보틱스 및 현대에너지솔루션 경영지원부문장 상무, 2020~2020 : HD현대중공업 엔진기계 및 특수선 인사총무담당 상무, 2018~2020 : HD현대중공업 해양플랜트 인사ㆍ총무ㆍ협력사 담당 상무",해당없음,해당없음,해당없음,,,,3년 10개월,
HD현대,267250,분기,https://dart.fss.or.kr/dsaf001/main.do?rcpNo=20251114002262,권오갑,남,1951.02,대표이사,사내이사,상근,"대표이사사외이사후보추천위원회 위원, 내부거래위원회 위원","한국외국어대, 2020~현재 : HD현대오일뱅크 회장, 2021~현재 : HD한국조선해양 회장, HD현대사이트솔루션 회장, 2014~현재 : 한국경영자총협회 부회장, 2021~2021 : HD현대사이트솔루션 대표이사 회장, 2019~2021 : HD한국조선해양 대표이사 회장, 2019~2019 : HD한국조선해양 대표이사 부회장, 2018~2019 : HD현대 대표이사 부회장, 2017~2019 : HD현대중공업 부회장, 2016~2019 : HD현대오일뱅크 부회장",해당없음,해당없음,해당없음,"45,030",-,계열회사 임원,7년 9개월,2026.03.28
HD현대,267250,분기,https://dart.fss.or.kr/dsaf001/main.do?rcpNo=20251114002262,김명수,남,1969.05,부사장,미등기,상근,경영기획실장,"HD현대 경영기획실장 부사장, NICE 신용평가 대표이사, NICE 신용평가 신용평가총괄, NICE홀딩스 전략기획본부장, 한국신용정보",해당없음,해당없음,해당없음,,,계열회사 임원,7개월,
HD현대,267250,분기,https://dart.fss.or.kr/dsaf001/main.do?rcpNo=20251114002262,금석호,남,1968.02,부사장,미등기,상근,HR지원실장,"고려대, 2021~현재 : HD현대 HR지원실장 부사장, 2024~현재 : HD현대중공업 경영지원본부장 부사장, 2022~2024 : HD한국조선해양 커뮤니케이션실장 부사장, 2021~2022 : HD현대오일뱅크 경영지원본부장 부사장, 2018~2021 : HD현대 인사지원부문장 전무, 2015~2021 : HD현대중공업 인사교육부문장 전무",해당없음,해당없음,해당없음,"3,050",-,계열회사 임원,-,-
HD현대,267250,분기,https://dart.fss.or.kr/dsaf001/main.do?rcpNo=20251114002262,서승환,남,1956.06,이사,사외이사,비상근,"사외이사 감사위원회 위원, 사외이사후보추천위원회 위원, 내부거래위원회 위원, ESG위원회 위원, 보상위원회 위원","프린스턴대(박), 2024~현재 : 연세대학교 명예교수, 2020~2024 : 연세대학교 총장, 1987~2024 : 연세대학교 경제학부 교수, 2013~2015 : 국토교통부 장관",연세대학교,경제학부,교수,,,,1년 6개월,2027.03.29
카카오페이,377300,분기,https://dart.fss.or.kr/dsaf001/main.do?rcpNo=20251113000674,김동용,남,1979.07,기술 담당/CISO,미등기,상근,기술 담당/CISO,"2023.10~현재 카카오페이 기술 총괄, 2023.01~2023.10 카카오페이 서비스테크부문 부문장, 2020.01~2023.01 카카오페이 서비스테크실 실장, 2017.04~2020.01 카카오페이 핀테크서비스개발팀 팀장, 2012.12~2017.04 카카오, 2007.01~2012.12 NHN",해당없음,해당없음,해당없음,"10,341",-,-,8년 5개월,
HD현대,267250,분기,https://dart.fss.or.kr/dsaf001/main.do?rcpNo=20251114002262,강석주,남,1974.07,전무,미등기,상근,경영기획1부문장,"HD현대 경영기획1부문장 전무, HD현대 경영기획1실장 전무, HD현대 경영기획1부문장 상무, HD현대 기획담당 상무, 기가레인 RF사업부장 부사장",해당없음,해당없음,해당없음,,,,4년 1개월,
카카오페이,377300,분기,https://dart.fss.or.kr/dsaf001/main.do?rcpNo=20251113000674,이윤근,남,1975.12,미등기임원,미등기,상근,커뮤니케이션 담당,"2023.01~현재 카카오페이 커뮤니케이션 총괄, 2022.02~2023.01 카카오페이 커뮤니케이션실 실장, 2020.03~2022.02 카카오페이 PR팀 팀장, 2014.04~2020.02 카카오, 2008.01~2014.04 버슨마스텔러코리아",해당없음,해당없음,해당없음,,,,5년 6개월,
HD현대,267250,분기,https://dart.fss.or.kr/dsaf001/main.do?rcpNo=20251114002262,장경준,남,1956.01,이사,사외이사,비상근,"사외이사 감사위원회 위원, 사외이사후보추천위원회 위원, 내부거래위원회 위원, ESG위원회 위원, 보상위원회 위원",홍익대(박)ㆍ2015~2020: 삼일회계법인 고문,해당없음,해당없음,해당없음,,,,2년 6개월,2026.03.28
HD현대,267250,분기,https://dart.fss.or.kr/dsaf001/main.do?rcpNo=20251114002262,정기선,남,1982.05,대표이사,사내이사,상근,대표이사ESG위원회 위원,"HD한국조선해양 대표이사 수석부회장, HD현대사이트솔루션 수석부회장, HD현대마린솔루션 수석부회장, HD현대오일뱅크 수석부회장, HD현대오일뱅크 부회장, HD현대사이트솔루션 부회장, HD한국조선해양 대표이사 부회장, HD현대마린솔루션 경영총괄 부회장, HD한국조선해양 대표이사 사장, HD현대중공업 선박해양영업본부 담당 사장, HD현대마린솔루션 경영지원부문 총괄 사장, HD현대 경영지원실장 부사장, HD현대중공업 그룹선박해양영업본부 사업대표 부사장, HD현대마린솔루션 대표이사 사장",해당없음,해당없음,해당없음,"4,837,985",,최대주주의 자,7년 9개월,2027.03.29
카카오페이,377300,분기,https://dart.fss.or.kr/dsaf001/main.do?rcpNo=20251113000674,차승진,남,1976.06,미등기임원,미등기,상근,디자인 담당,"2023.05~현재 카카오페이 디자인 총괄, 2022.02~2023.05 카카오페이 UX디자인실 실장, 2020.05~2022.02 카카오페이 UX전략팀 팀장, 2012.11~2020.05 SK플래닛, 2006.10~2012.11 SK커뮤니케이션즈(주), 2006.05~2006.10 (주)브라운스톤인터렉티브, 2002.11~2005.03 (주)애드플러스커뮤니케이션, 2001.10~2002.01 (주)토탈오즈스타닷컴",해당없음,해당없음,해당없음,"3,290",-,-,5년 4개월,-
